{
    "type": "minecraft:entity",
    "pools": [
      {
        "bonus_rolls": 0,
        "conditions": [
          {
            "condition": "minecraft:killed_by_player"
          },
          {
            "condition": "minecraft:random_chance_with_enchanted_bonus",
            "enchanted_chance": {
              "type": "minecraft:linear",
              "base": 0.07,
              "per_level_above_first": 0.02
            },
            "enchantment": "minecraft:looting",
            "unenchanted_chance": 0.05
          }
        ],
        "entries": [
          {
            "type": "minecraft:item",
            "name": "minecraft:piglin_head"
          }
        ],
        "rolls": 1
      }
    ],
    "functions": [],
    "random_sequence": "minecraft:entities/piglin"
  }