{
    "type": "minecraft:crafting_shaped",
    "category":"equipment",
    "pattern": [
      " r ",
      "csc",
      " d "
    ],
    "key": {
      "s": {
        "item": "glass_bottle"
      },
      "r": {
        "item": "player_head"
      },
      "c": {
        "item": "blaze_powder"
      },
      "d": {
        "item": "nether_wart"
      }
    },
    "result": {
        "id": "minecraft:splash_potion",
        "count": 1,
        "components": {
      "minecraft:item_name": "[{\"text\":\"Agony\",\"color\":\"dark_red\"}]",
      "minecraft:lore": [
        "[{\"translate\":\"item.agony.desc1\"}]",
        "[{\"translate\":\"item.agony.desc2\"}]"
      ],
      "potion_contents":{
        "custom_color":0,
        "custom_effects":[{"id":"instant_damage","amplifier":1},{"id":"weakness","duration":1200}]}
      }
    }
}