{
    "type": "minecraft:crafting_shaped",
    "category":"equipment",
    "pattern": [
      "sss",
      "sfs",
      "sss"
    ],
    "key": {
      "s": {
        "item": "copper_ingot"
      },
      "f": {
        "item": "iron_sword"
      }
    },
    "result": {
        "id": "minecraft:iron_sword",
        "count": 1,
        "components": {
            "minecraft:custom_model_data": 2,
      "minecraft:item_name": "[{\"text\":\"Shortsword\",\"color\":\"white\"}]",
      "minecraft:lore": [
        "[{\"translate\":\"item.shortsword.desc1\"}]",
        "[{\"translate\":\"item.shortsword.desc2\"}]"
      ],
      "enchantments": {
        "sharpness":1
      }
      }
    }
}