{
  "type": "minecraft:crafting_shaped",
  "category": "equipment",
  "pattern": [
    " #E",
    "#Tg",
    "Fg "
  ],
  "key": {
    "#": {
      "item": "minecraft:diamond"
    },
    "E": {
      "item": "minecraft:ender_pearl"
    },
    "T": {
      "item": "minecraft:trident"
    },
    "g": {
      "item": "minecraft:gold_ingot"
    },
    "F": {
      "item": "minecraft:firework_star"
    }
  },
  "result": {
    "id": "minecraft:bow",
    "count": 1,
    "components": {
      "minecraft:custom_model_data": 7,
      "minecraft:attribute_modifiers": {
        "modifiers": [
          {
            "id": "minecraft:generic.attack",
            "type": "minecraft:generic.attack_damage",
            "amount": 6,
            "operation": "add_value",
            "slot": "mainhand"
          },
          {
            "id": "minecraft:generic.attack_speed",
            "type": "minecraft:generic.attack_speed",
            "amount": -2.4,
            "operation": "add_value",
            "slot": "mainhand"
          }
        ],
        "show_in_tooltip": false
      },
      "minecraft:custom_data": "{aiglos:1b}",
      "minecraft:unbreakable": {
        "show_in_tooltip": false
      },
      "minecraft:item_name": "[{\"text\":\"Aiglos\",\"color\":\"gold\"}]",
      "minecraft:lore": [
        "[{\"translate\":\"item.aiglos.desc\"}]",
        "[{\"translate\":\"item.aiglos.desc1\"}]",
        "[{\"text\":\"\"}]",
        "[{\"translate\":\"item.aiglos.desc2\"}]",
        "[{\"translate\":\"item.aiglos.desc3\"}]",
        "[{\"translate\":\"item.aiglos.desc4\"}]",
        "[{\"translate\":\"item.aiglos.desc5\"}]",
        "[{\"text\":\"\"}]",
        "[{\"translate\":\"item.aiglos.desc6\"}]",
        "[{\"translate\":\"item.aiglos.desc7\"}]",
        "[{\"translate\":\"item.aiglos.desc8\"}]"
      ]
    }
  }
}
