{
  "type": "minecraft:crafting_shaped",
"category": "equipment",
"pattern": [
   "NDN",
   "DDD",
   "#L#"
],
"key": {
   "D": {
       "item": "minecraft:armadillo_scute"
   },
   "N": {
       "item": "minecraft:redstone_torch"
   },
   "#": {
       "item": "minecraft:diamond"
   },
   "L": {
       "item": "minecraft:tnt"
   }
},
"result": {
 "id": "minecraft:crossbow",
 "count": 1,
 "components": {
   "minecraft:custom_data": "{armadillo_detonator:1b}",
   "minecraft:item_name": "[{\"text\":\"Armadillo Detonator\",\"color\":\"gold\"}]",
   "minecraft:lore": [
     "[{\"translate\":\"item.armadillo_detonator.desc1\"}]",
     "[{\"translate\":\"item.armadillo_detonator.desc2\"}]",
     "[{\"translate\":\"item.armadillo_detonator.desc3\"}]",
     "[{\"text\":\"\"}]",
     "[{\"translate\":\"item.armadillo_detonator.desc4\"}]",
     "[{\"translate\":\"item.armadillo_detonator.desc5\"}]",
     "[{\"translate\":\"item.armadillo_detonator.desc6\"}]",
     "[{\"translate\":\"item.armadillo_detonator.desc7\"}]",
     "[{\"translate\":\"item.armadillo_detonator.desc8\"}]",
     "[{\"text\":\"\"}]",
     "[{\"translate\":\"item.armadillo_detonator.desc9\"}]",
     "[{\"translate\":\"item.armadillo_detonator.desc10\"}]",
     "[{\"translate\":\"item.armadillo_detonator.desc11\"}]",
     "[{\"translate\":\"item.armadillo_detonator.desc12\"}]",
     "[{\"translate\":\"item.armadillo_detonator.desc13\"}]"
   ],
   "minecraft:unbreakable": {
     "show_in_tooltip": false
   },
   "minecraft:custom_model_data": 5
 }
}
}
