{
    "type": "minecraft:crafting_shaped",
    "category": "equipment",
    "pattern": [
      "#S#",
      "DBD",
      "#T#"
    ],
    "key": {
      "#": {
        "item": "minecraft:feather"
      },
      "S": {
        "item": "minecraft:spyglass"
      },
      "D": {
        "item": "minecraft:diamond"
      },
      "B": {
        "item": "minecraft:bow"
      },
      "T": {
        "item": "minecraft:tnt"
      }
    },
    "result": {
      "id": "minecraft:bow",
      "count": 1,
      "components": {
        "minecraft:enchantments": {
          "minecraft:power": 3
        },
        "minecraft:custom_data": "{artemis_bow:1b}",
        "minecraft:item_name": "[{\"text\":\"Artemis Bow\",\"color\":\"gold\"}]",
        "minecraft:lore": [
          "[{\"translate\":\"item.artemis_bow.desc1\"}]",
          "[{\"translate\":\"item.artemis_bow.desc2\"}]",
          "[{\"text\":\"\"}]",
          "[{\"translate\":\"item.artemis_bow.desc3\"}]",
          "[{\"translate\":\"item.artemis_bow.desc4\"}]",
          "[{\"translate\":\"item.artemis_bow.desc5\"}]"
        ],
        "minecraft:unbreakable": {
          "show_in_tooltip": false
        },
        "minecraft:custom_model_data": 3
      }
    }
  }
  