{
       "type": "minecraft:crafting_shaped",
    "category": "equipment",
    "pattern": [
        " # ",
        "HBH",
        " G "
    ],
    "key": {
        "#": {
            "item": "minecraft:bee_nest"
        },
        "H": {
            "item": "minecraft:honeycomb"
        },
        "B": {
            "item": "minecraft:bow"
        },
        "G": {
            "item": "minecraft:gunpowder"
        }
    },
    "result": {
      "id": "minecraft:bow",
      "count": 1,
      "components": {
        "minecraft:custom_data": "{beehive_blaster:1b}",
        "minecraft:item_name": "[{\"text\":\"Beehive Blaster\",\"color\":\"gold\"}]",
        "minecraft:lore": [
          "[{\"translate\":\"item.beehive_blaster.desc1\"}]",
          "[{\"translate\":\"item.beehive_blaster.desc2\"}]",
          "[{\"text\":\"\"}]",
          "[{\"translate\":\"item.beehive_blaster.desc3\"}]",
          "[{\"translate\":\"item.beehive_blaster.desc4\"}]",
          "[{\"translate\":\"item.beehive_blaster.desc5\"}]"
        ],
        "minecraft:unbreakable": {
          "show_in_tooltip": false
        },
        "minecraft:custom_model_data": 9
      }
    }
}