{
       "type": "minecraft:crafting_shaped",
    "category": "equipment",
    "pattern": [
        "#C#",
        "#D#",
        "#G#"
    ],
    "key": {
        "#": {
            "item": "minecraft:feather"
        },
        "C": {
            "item": "minecraft:cake"
        },
        "D": {
            "item": "minecraft:diamond_sword"
        },
        "G": {
            "item": "minecraft:golden_carrot"
        }
    },
    "result": {
    "id": "minecraft:diamond_sword",
    "count": 1,
    "components": {
      "minecraft:custom_model_data": 7,
      "minecraft:attribute_modifiers": {
        "modifiers": [
          {
            "id": "minecraft:generic.attack",
            "type": "minecraft:generic.attack_damage",
            "amount": 6.5,
            "operation": "add_value",
            "slot": "mainhand"
          },
          {
            "id": "minecraft:generic.attack_speed",
            "type": "minecraft:generic.attack_speed",
            "amount": -2.4,
            "operation": "add_value",
            "slot": "mainhand"
          },
          {
            "id": "minecraft:generic.movement_speed",
            "type": "minecraft:generic.movement_speed",
            "amount": 0.1,
            "operation": "add_multiplied_base",
            "slot": "mainhand"
          }
        ],
        "show_in_tooltip": false
      },
      "minecraft:custom_data": "{cloud_sword:1b}",
      "minecraft:unbreakable": {
        "show_in_tooltip": false
      },
      "minecraft:item_name": "[{\"text\":\"Cloud Sword\",\"color\":\"gold\"}]",
      "minecraft:lore": [
        "[{\"translate\":\"item.cloud_sword.desc1\"}]",
        "[{\"translate\":\"item.cloud_sword.desc2\"}]",
        "[{\"text\":\"\"}]",
        "[{\"translate\":\"item.cloud_sword.desc3\"}]",
        "[{\"translate\":\"item.cloud_sword.desc4\"}]",
        "[{\"translate\":\"item.cloud_sword.desc5\"}]",
        "[{\"translate\":\"item.cloud_sword.desc6\"}]",
        "[{\"translate\":\"item.cloud_sword.desc7\"}]",
        "[{\"text\":\"\"}]",
        "[{\"translate\":\"item.cloud_sword.desc8\"}]",
        "[{\"translate\":\"item.cloud_sword.desc9\"}]",
        "[{\"text\":\"\"}]",
        "[{\"translate\":\"item.cloud_sword.desc10\"}]",
        "[{\"translate\":\"item.cloud_sword.desc11\"}]",
        "[{\"translate\":\"item.cloud_sword.desc12\"}]"
      ],
      "minecraft:food": {
                "nutrition": 0,
                "saturation": 0,
                "can_always_eat": true,
                "eat_seconds": 1000000
              }
    }
  }
}
