{
       "type": "minecraft:crafting_shaped",
    "category": "equipment",
    "pattern": [
        "#N#",
        "DCD",
        "#N#"
    ],
    "key": {
        "#": {
            "item": "minecraft:fermented_spider_eye"
        },
        "N": {
            "item": "minecraft:nether_wart"
        },
        "D": {
            "item": "minecraft:diamond"
        },
        "C": {
            "item": "minecraft:crossbow"
        }
    },
    "result": {
      "id": "minecraft:crossbow",
      "count": 1,
      "components": {
        "minecraft:custom_data": "{corrupted_crossbow:1b}",
        "minecraft:item_name": "[{\"text\":\"Corrupted Crossbow\",\"color\":\"gold\"}]",
        "minecraft:lore": [
          "[{\"translate\":\"item.corrupted_crossbow.desc1\"}]",
          "[{\"translate\":\"item.corrupted_crossbow.desc2\"}]",
          "[{\"text\":\"\"}]",
          "[{\"translate\":\"item.corrupted_crossbow.desc3\"}]",
          "[{\"translate\":\"item.corrupted_crossbow.desc4\"}]",
          "[{\"translate\":\"item.corrupted_crossbow.desc5\"}]",
          "[{\"translate\":\"item.corrupted_crossbow.desc6\"}]"
        ],
        "minecraft:unbreakable": {
          "show_in_tooltip": false
        },
        "minecraft:custom_model_data": 4
      }
    }
  }
  