{
       "type": "minecraft:crafting_shaped",
    "category": "equipment",
    "pattern": [
          "#P#",
          "#D#",
          "FNF"
      ],
      "key": {
          "#": {
              "item": "minecraft:powered_rail"
          },
          "P": {
              "item": "minecraft:piglin_head"
          },
          "D": {
              "item": "minecraft:diamond_sword"
          },
          "F": {
              "item": "minecraft:diamond"
          },
          "N": {
              "item": "minecraft:nether_wart_block"
          }
      },
    "result": {
    "id": "minecraft:diamond_sword",
    "count": 1,
    "components": {
      "minecraft:custom_model_data": 8,
      "minecraft:custom_data": "{crimson_chainsword:1b}",
      "minecraft:unbreakable": {
        "show_in_tooltip": false
      },
      "minecraft:item_name": "[{\"text\":\"Crimson Chainsword\",\"color\":\"gold\"}]",
      "minecraft:lore": [
     "[{\"translate\":\"item.crimson_chainsword.desc1\"}]",
     "[{\"translate\":\"item.crimson_chainsword.desc2\"}]",
     "[{\"text\":\"\"}]",
     "[{\"translate\":\"item.crimson_chainsword.desc3\"}]",
     "[{\"translate\":\"item.crimson_chainsword.desc4\"}]",
     "[{\"translate\":\"item.crimson_chainsword.desc5\"}]",
     "[{\"translate\":\"item.crimson_chainsword.desc6\"}]",
     "[{\"translate\":\"item.crimson_chainsword.desc7\"}]",
     "[{\"translate\":\"item.crimson_chainsword.desc8\"}]",
     "[{\"text\":\"\"}]",
     "[{\"translate\":\"item.crimson_chainsword.desc9\",\"color\":\"#ca3123\",\"italic\":false}]",
     "[{\"translate\":\"item.crimson_chainsword.desc10\"}]",
     "[{\"text\":\"\"}]",
     "[{\"translate\":\"item.crimson_chainsword.desc11\"}]",
     "[{\"translate\":\"item.crimson_chainsword.desc12\"}]"
      ],
      "minecraft:food": {
                "nutrition": 0,
                "saturation": 0,
                "can_always_eat": true,
                "eat_seconds": 1000000
              }
    }
  }
}
