{
       "type": "minecraft:crafting_shaped",
    "category": "equipment",
    "pattern": [
        " # ",
        "DPD",
        " E "
    ],
    "key": {
        "#": {
            "item": "minecraft:ender_pearl"
        },
        "D": {
            "item": "minecraft:diamond"
        },
        "P": {
            "item": "minecraft:diamond_sword"
        },
        "E": {
            "item": "minecraft:end_crystal"
        }
    },
    "result": {
    "id": "minecraft:netherite_sword",
    "count": 1,
    "components": {
      "minecraft:custom_model_data": 1,
      "minecraft:custom_data": "{dragon_katana:1b}",
      "minecraft:unbreakable": {
        "show_in_tooltip": false
      },
      "minecraft:item_name": "[{\"text\":\"Dragon Katana\",\"color\":\"gold\"}]",
      "minecraft:lore": [
        "[{\"translate\":\"item.dragon_katana.desc1\"}]",
        "[{\"translate\":\"item.dragon_katana.desc2\"}]",
        "[{\"text\":\"\"}]",
        "[{\"translate\":\"item.dragon_katana.desc3\"}]",
        "[{\"translate\":\"item.dragon_katana.desc4\"}]",
        "[{\"translate\":\"item.dragon_katana.desc5\"}]"
      ],
      "minecraft:food": {
                "nutrition": 0,
                "saturation": 0,
                "can_always_eat": true,
                "eat_seconds": 1000000
              }
    }
  }
}
