{
    "type": "minecraft:crafting_shaped",
    "pattern": [
        "#B#",
        "BDB",
        "F#F"
    ],
    "key": {
        "#": {
            "item": "minecraft:bone"
        },
        "B": {
            "item": "minecraft:bone_block"
        },
        "D": {
            "item": "minecraft:diamond_helmet"
        },
        "F": {
            "item": "minecraft:firework_star"
        }
    },
    "result": {
        "id": "carved_pumpkin",
        "components": {
            "custom_model_data": 187,
            "custom_data": "{hoplitecustom_hat:1b}",
            "minecraft:unbreakable": {
        "show_in_tooltip": false
      },
      "minecraft:item_name": "[{\"text\":\"Dragon Skull\",\"color\":\"gold\"}]",
      "minecraft:lore": [
        "[{\"translate\":\"item.easter_egg.desc1\"}]"
      ],
      "minecraft:food": {
                "nutrition": 0,
                "saturation": 0,
                "can_always_eat": true,
                "eat_seconds": 1000000
              }
        }
    }
}