{
       "type": "minecraft:crafting_shaped",
    "category": "equipment",
    "pattern": [
        " # ",
        "EDE",
        " G "
    ],
    "key": {
        "#": {
            "item": "minecraft:bell"
        },
        "E": {
            "item": "minecraft:emerald_block"
        },
        "D": {
            "item": "minecraft:diamond_sword"
        },
        "G": {
            "item": "minecraft:golden_carrot"
        }
    },
   "result": {
    "id": "minecraft:diamond_sword",
    "count": 1,
    "components": {
      "minecraft:custom_model_data": 3,
      "minecraft:custom_data": "{emerald_sword:1b}",
      "minecraft:unbreakable": {
        "show_in_tooltip": false
      },
      "minecraft:item_name": "[{\"text\":\"Emerald Sword\",\"color\":\"gold\"}]",
      "minecraft:lore": [
        "[{\"translate\":\"item.emerald_sword.desc1\"}]",
        "[{\"translate\":\"item.emerald_sword.desc2\"}]",
        "[{\"text\":\"\"}]",
        "[{\"translate\":\"item.emerald_sword.desc3\"}]",
        "[{\"translate\":\"item.emerald_sword.desc4\"}]",
        "[{\"translate\":\"item.emerald_sword.desc5\"}]"
      ]
    }
  }
}
