{
       "type": "minecraft:crafting_shaped",
    "category": "equipment",
    "pattern": [
        " # ",
        "DBD",
        " C "
    ],
    "key": {
        "#": {
            "item": "minecraft:ender_eye"
        },
        "D": {
            "item": "minecraft:diamond"
        },
        "B": {
            "item": "minecraft:bow"
        },
        "C": {
            "item": "minecraft:clock"
        }
    },
    "result": {
      "id": "minecraft:bow",
      "count": 1,
      "components": {
        "minecraft:enchantments": {
          "minecraft:power": 3
        },
        "minecraft:custom_data": "{ender_bow1:1b}",
        "minecraft:item_name": "[{\"text\":\"Ender Bow\",\"color\":\"gold\"},{\"text\":\" - \",\"color\":\"gray\"},{\"text\":\"Arrow Mode\",\"color\":\"white\"}]",
        "minecraft:lore": [
          "[{\"translate\":\"item.ender_bow.desc1\"}]",
          "[{\"translate\":\"item.ender_bow.desc2\"}]",
          "[{\"text\":\"\"}]",
          "[{\"translate\":\"item.ender_bow.desc3\"}]",
          "[{\"text\":\"\"}]",
          "[{\"translate\":\"item.ender_bow.desc4\"}]",
          "[{\"translate\":\"item.ender_bow.desc5\"}]",
          "[{\"translate\":\"item.ender_bow.desc6\"}]",
          "[{\"text\":\"\"}]",
          "[{\"translate\":\"item.ender_bow.desc7\"}]",
          "[{\"translate\":\"item.ender_bow.desc8\"}]",
          "[{\"translate\":\"item.ender_bow.desc9\"}]",
          "[{\"translate\":\"item.ender_bow.desc10\"}]"
        ],
        "minecraft:unbreakable": {
          "show_in_tooltip": false
        },
        "minecraft:custom_model_data": 1
      }
    }
  }
  