{
    "type": "minecraft:crafting_shaped",
    "category": "equipment",
    "pattern": [
        "gTg",
        "DBD",
        " B "
    ],
    "key": {
        "g": {
            "item": "minecraft:gold_ingot"
        },
        "T": {
            "item": "minecraft:totem_of_undying"
        },
        "D": {
            "item": "minecraft:diamond"
        },
        "B": {
            "item": "minecraft:bone"
        }
    },
   "result": {
    "id": "minecraft:stone_sword",
    "count": 1,
    "components": {
      "minecraft:custom_model_data": 7,
      "minecraft:custom_data": "{evoker_wand:1b}",
      "minecraft:unbreakable": {
        "show_in_tooltip": false
      },
      "minecraft:item_name": "[{\"text\":\"Evoker Wand\",\"color\":\"gold\"}]",
      "minecraft:lore": [
     "[{\"translate\":\"item.evoker_wand.desc1\"}]",
     "[{\"translate\":\"item.evoker_wand.desc2\"}]",
     "[{\"text\":\"\"}]",
     "[{\"translate\":\"item.evoker_wand.desc3\"}]",
     "[{\"translate\":\"item.evoker_wand.desc4\"}]",
     "[{\"translate\":\"item.evoker_wand.desc5\"}]",
     "[{\"translate\":\"item.evoker_wand.desc6\"}]",
     "[{\"text\":\"\"}]",
     "[{\"translate\":\"item.evoker_wand.desc7\"}]",
     "[{\"translate\":\"item.evoker_wand.desc8\"}]",
     "[{\"translate\":\"item.evoker_wand.desc9\"}]",
     "[{\"translate\":\"item.evoker_wand.desc10\"}]"
      ]
  }
}
}