{
    "type": "minecraft:crafting_shaped",
    "category": "equipment",
    "pattern": [
        "#G#",
        "IDI",
        "#/#"
    ],
    "key": {
        "#": {
            "item": "minecraft:blaze_powder"
        },
        "G": {
            "item": "minecraft:enchanted_golden_apple"
        },
        "I": {
            "item": "minecraft:iron_block"
        },
        "D": {
            "item": "minecraft:diamond_sword"
        },
        "/": {
            "item": "minecraft:blaze_rod"
        }
    },
    "result": {
        "id": "minecraft:netherite_sword",
        "count": 1,
        "components": {
      "minecraft:custom_model_data": 3,
      "minecraft:custom_data": "{excalibur_sword:1b}",
      "minecraft:unbreakable": {
        "show_in_tooltip": false
      },
      "minecraft:item_name": "[{\"text\":\"Excalibur\",\"color\":\"gold\"}]",
      "minecraft:lore": [
        "[{\"translate\":\"item.excalibur_sword.desc1\"}]",
        "[{\"translate\":\"item.excalibur_sword.desc2\"}]",
        "[{\"translate\":\"item.excalibur_sword.desc3\"}]",
        "[{\"text\":\"\"}]",
        "[{\"translate\":\"item.excalibur_sword.desc4\"}]",
        "[{\"translate\":\"item.excalibur_sword.desc5\"}]",
        "[{\"translate\":\"item.excalibur_sword.desc6\"}]",
        "[{\"translate\":\"item.excalibur_sword.desc7\"}]"
      ],
      "minecraft:food": {
                "nutrition": 0,
                "saturation": 0,
                "can_always_eat": true,
                "eat_seconds": 1000000
              }
    }
    }
}