{
    "type": "minecraft:crafting_shaped",
    "category": "equipment",
    "pattern": [
        "#L#",
        "DID",
        " / "
    ],
    "key": {
        "#": {
            "item": "minecraft:iron_block"
        },
        "L": {
            "item": "minecraft:lodestone"
        },
        "D": {
            "item": "minecraft:diamond"
        },
        "I": {
            "item": "minecraft:iron_axe"
        },
        "/": {
            "item": "minecraft:blaze_rod"
        }
    },
    "result": {
        "id": "minecraft:stone_axe",
        "count": 1,
        "components": {
          "minecraft:custom_model_data": 3,
          "minecraft:custom_data": "{golem_hammer:1b}",
          "minecraft:unbreakable": {
            "show_in_tooltip": false
          },
          "minecraft:item_name": "[{\"text\":\"Golem Hammer\",\"color\":\"gold\"}]",
          "minecraft:lore": [
            "[{\"translate\":\"item.golem_hammer.desc1\"}]",
            "[{\"translate\":\"item.golem_hammer.desc2\"}]",
            "[{\"translate\":\"item.golem_hammer.desc3\"}]",
            "[{\"text\":\"\"}]",
            "[{\"translate\":\"item.golem_hammer.desc4\"}]",
            "[{\"translate\":\"item.golem_hammer.desc5\"}]",
            "[{\"translate\":\"item.golem_hammer.desc6\"}]",
            "[{\"translate\":\"item.golem_hammer.desc7\"}]",
            "[{\"translate\":\"item.golem_hammer.desc8\"}]",
            "[{\"translate\":\"item.golem_hammer.desc9\"}]",
            "[{\"translate\":\"item.golem_hammer.desc10\",\"color\":\"#8BAFE0\",\"italic\":false}]",
            "[{\"translate\":\"item.golem_hammer.desc11\"}]"
          ],
          "minecraft:food": {
            "nutrition": 0,
            "saturation": 0,
            "can_always_eat": true,
            "eat_seconds": 1000000
          }
    }
}
}