{
    "type": "minecraft:crafting_shaped",
    "category": "equipment",
    "pattern": [
        "GGG",
        "DQI",
        "#/#"
    ],
    "key": {
        "#": {
            "item": "minecraft:magma_cream"
        },
        "G": {
            "item": "minecraft:experience_bottle"
        },
        "I": {
            "item": "minecraft:trident"
        },
        "D": {
            "item": "minecraft:diamond_sword"
        },
        "/": {
            "item": "minecraft:bow"
        },
        "Q":{
            "item": "writable_book"
        }
    },
    "result": {
        "id": "minecraft:enchanted_book",
        "count": 1,
        "components": {
      "minecraft:custom_model_data": 1,
      "minecraft:item_name": "[{\"text\":\"Grimoire\",\"color\":\"gold\"}]",
      "minecraft:lore": [
        "[{\"translate\":\"item.grimoire.desc1\"}]",
        "[{\"translate\":\"item.grimoire.desc2\"}]"],
        "stored_enchantments": {"levels":{"fire_aspect":2,"multishot":1,"punch":1,"quick_charge":2,"riptide":3,"sharpness":2}}
    }
    }
}