{
    "type": "minecraft:crafting_shaped",
    "category": "equipment",
    "pattern": [
      "#P#",
      "DPD",
      "DSD"
    ],
    "key": {
      "#": {
        "item": "minecraft:diamond"
      },
      "P": {
        "item": "minecraft:prismarine_shard"
      },
      "D": {
        "item": "minecraft:dark_prismarine"
      },
      "S": {
        "item": "minecraft:sponge"
      }
    },
    "result": {
      "id": "minecraft:bow",
      "count": 1,
      "components": {
        "minecraft:enchantments": {
          "levels": {
            "minecraft:infinity": 1
          },
          "show_in_tooltip": false
        },
        "minecraft:custom_data": "{guardian_cannon:1b}",
        "minecraft:item_name": "[{\"text\":\"Guardian Cannon\",\"color\":\"gold\"}]",
        "minecraft:lore": [
          "[{\"translate\":\"item.guardian_cannon.desc1\"}]",
          "[{\"translate\":\"item.guardian_cannon.desc2\"}]",
          "[{\"text\":\"\"}]",
          "[{\"translate\":\"item.guardian_cannon.desc3\"}]",
          "[{\"translate\":\"item.guardian_cannon.desc4\"}]",
          "[{\"translate\":\"item.guardian_cannon.desc5\"}]",
          "[{\"translate\":\"item.guardian_cannon.desc6\"}]",
          "[{\"translate\":\"item.guardian_cannon.desc7\"}]",
          "[{\"translate\":\"item.guardian_cannon.desc8\"}]",
          "[{\"translate\":\"item.guardian_cannon.desc9\"}]",
          "[{\"text\":\"\"}]",
          "[{\"translate\":\"item.guardian_cannon.desc10\"}]",
          "[{\"translate\":\"item.guardian_cannon.desc11\"}]",
          "[{\"text\":\"\"}]",
          "[{\"translate\":\"item.guardian_cannon.desc12\",\"italic\":false,\"color\":\"#00a0fc\"}]"
        ],
        "minecraft:unbreakable": {
          "show_in_tooltip": false
        },
        "minecraft:custom_model_data": 10
      }
    }
  }
  