{
       "type": "minecraft:crafting_shaped",
    "category": "equipment",
    "pattern": [
        "#L#",
        "#T#",
        "#F#"
    ],
    "key": {
        "#": {
            "item": "minecraft:redstone_block"
        },
        "L": {
            "item": "minecraft:lead"
        },
        "T": {
            "item": "minecraft:trident"
        },
        "F": {
            "item": "minecraft:fishing_rod"
        }
    },
    "result": {
      "id": "minecraft:bow",
      "count": 1,
      "components": {
        "minecraft:custom_data": "{harpoon_launcher:1b}",
        "minecraft:item_name": "[{\"text\":\"Harpoon Launcher\",\"color\":\"gold\"}]",
        "minecraft:lore": [
          "[{\"translate\":\"item.harpoon_launcher.desc1\"}]",
          "[{\"translate\":\"item.harpoon_launcher.desc2\"}]",
          "[{\"translate\":\"item.harpoon_launcher.desc3\"}]",
          "[{\"text\":\"\"}]",
          "[{\"translate\":\"item.harpoon_launcher.desc4\"}]",
          "[{\"translate\":\"item.harpoon_launcher.desc5\"}]",
          "[{\"translate\":\"item.harpoon_launcher.desc6\"}]",
          "[{\"translate\":\"item.harpoon_launcher.desc7\"}]",
          "[{\"translate\":\"item.harpoon_launcher.desc8\"}]",
          "[{\"translate\":\"item.harpoon_launcher.desc9\"}]"
        ],
        "minecraft:unbreakable": {
          "show_in_tooltip": false
        },
        "minecraft:custom_model_data": 11
      }
    }
  }
  