{
    "type": "minecraft:crafting_shaped",
    "category": "equipment",
    "pattern": [
        "IDI",
        "I/I",
        "I/I"
    ],
    "key": {
        "I": {
            "item": "minecraft:redstone_block"
        },
        "D": {
            "item": "minecraft:totem_of_undying"
        },
        "/": {
            "item": "minecraft:blaze_rod"
        }
    },
    "result": {
        "id": "minecraft:stone_sword",
        "count": 1,
        "components": {
      "minecraft:custom_model_data": 6,
      "minecraft:custom_data": "{hypnosis_staff:1b}",
      "minecraft:unbreakable": {
        "show_in_tooltip": false
      },
      "minecraft:item_name": "[{\"text\":\"Hypnosis Staff\",\"color\":\"gold\"}]",
      "minecraft:lore": [
        "[{\"translate\":\"item.hypnosis_staff.desc1\"}]",
        "[{\"translate\":\"item.hypnosis_staff.desc2\"}]",
        "[{\"text\":\"\"}]",
        "[{\"translate\":\"item.hypnosis_staff.desc3\"}]",
        "[{\"translate\":\"item.hypnosis_staff.desc4\"}]",
        "[{\"translate\":\"item.hypnosis_staff.desc5\"}]",
        "[{\"translate\":\"item.hypnosis_staff.desc6\"}]",
        "[{\"translate\":\"item.hypnosis_staff.desc7\"}]"
      ],
      "minecraft:food": {
                "nutrition": 0,
                "saturation": 0,
                "can_always_eat": true,
                "eat_seconds": 1000000
              }
    }
    }
}