{
    "type": "minecraft:crafting_shaped",
    "category": "equipment",
    "pattern": [
        " S ",
        "DID",
        " # "
    ],
    "key": {
        "S": {
            "item": "minecraft:diamond_horse_armor"
        },
        "D": {
            "item": "minecraft:diamond"
        },
        "I": {
            "item": "minecraft:goat_horn"
        },
        "#": {
            "item": "minecraft:powder_snow_bucket"
        }
    },
    "result": {
        "id": "minecraft:blaze_rod",
        "count": 1,
        "components": {
          "minecraft:custom_model_data": 9,
          "minecraft:custom_data": "{ice_horn:1b}",
          "minecraft:unbreakable": {
            "show_in_tooltip": false
          },
          "minecraft:item_name": "[{\"text\":\"Horn of Winter\",\"color\":\"gold\"}]",
          "minecraft:lore": [
            "[{\"translate\":\"item.ice_horn.desc1\"}]",
            "[{\"translate\":\"item.ice_horn.desc2\"}]",
            "[{\"text\":\"\"}]",
            "[{\"translate\":\"item.ice_horn.desc3\"}]",
            "[{\"translate\":\"item.ice_horn.desc4\"}]",
            "[{\"translate\":\"item.ice_horn.desc5\"}]",
            "[{\"translate\":\"item.ice_horn.desc6\"}]",
            "[{\"translate\":\"item.ice_horn.desc7\"}]"
          ],
          "minecraft:food": {
            "nutrition": 0,
            "saturation": 0,
            "can_always_eat": true,
            "eat_seconds": 1000000
          },
          "max_stack_size": 1
    }
}
}