{
  "type": "minecraft:crafting_shaped",
  "category": "equipment",
  "pattern": [
      "#D#",
      "WCW",
      "#W#"
  ],
  "key": {
      "#": {
          "item": "minecraft:crying_obsidian"
      },
      "D": {
          "item": "minecraft:diamond_helmet"
      },
      "W": {
          "tag": "vred:dyes"
      },
      "C": {
          "item": "minecraft:chest"
      }
    },
    "result": {
      "id": "minecraft:recovery_compass",
      "count": 1,
      "components": {
        "minecraft:custom_data": "{crate:5b}",
        "minecraft:item_name": "[{\"text\":\"Hat Crate\",\"color\":\"dark_purple\"},{\"text\":\" (Legacy)\",\"color\":\"white\"}]",
        "minecraft:custom_model_data": 6,
        "minecraft:food": {
                "nutrition": 0,
                "saturation": 0,
                "can_always_eat": true,
                "eat_seconds": 1000000
              }
      }
    }
  }