{
       "type": "minecraft:crafting_shaped",
    "category": "equipment",
    "pattern": [
        "#L#",
        "BOB",
        " O "
    ],
    "key": {
        "#": {
            "item": "minecraft:diamond"
        },
        "L": {
            "item": "minecraft:light_blue_candle"
        },
        "B": {
            "item": "minecraft:blue_ice"
        },
        "O": {
            "item": "minecraft:obsidian"
        }
    },
   "result": {
    "id": "minecraft:warped_fungus_on_a_stick",
    "count": 1,
    "components": {
      "minecraft:custom_model_data": 3,
      "minecraft:custom_data": "{lich_staff:1b}",
      "minecraft:unbreakable": {
        "show_in_tooltip": false
      },
      "minecraft:item_name": "[{\"text\":\"Lich Staff\",\"color\":\"gold\"}]",
      "minecraft:lore": [
        "[{\"translate\":\"item.lich_staff.desc1\"}]",
        "[{\"translate\":\"item.lich_staff.desc2\"}]",
        "[{\"text\":\"\"}]",
        "[{\"translate\":\"item.lich_staff.desc3\"}]",
        "[{\"translate\":\"item.lich_staff.desc4\"}]"
      ]
  }
}
}