{
    "type": "minecraft:crafting_shaped",
    "category": "equipment",
    "pattern": [
      "#d#",
      "BDB",
      "#G#"
    ],
    "key": {
      "#": {
        "item": "minecraft:magma_block"
      },
      "d": {
        "item": "minecraft:diamond"
      },
      "B": {
        "item": "minecraft:blaze_powder"
      },
      "D": {
        "item": "minecraft:diamond_sword"
      },
      "G": {
        "item": "minecraft:gunpowder"
      }
    },
    "result": {
      "id": "minecraft:diamond_sword",
      "count": 1,
      "components": {
        "minecraft:custom_model_data": 5,
        "minecraft:custom_data": "{magma_club:1b}",
        "minecraft:unbreakable": {
          "show_in_tooltip": false
        },
        "minecraft:item_name": "[{\"text\":\"Magma Club\",\"color\":\"gold\"}]",
        "minecraft:lore": [
          "[{\"translate\":\"item.magma_club.desc1\"}]",
          "[{\"translate\":\"item.magma_club.desc2\"}]",
          "[{\"text\":\"\"}]",
          "[{\"translate\":\"item.magma_club.desc3\"}]",
          "[{\"translate\":\"item.magma_club.desc4\"}]",
          "[{\"translate\":\"item.magma_club.desc5\"}]",
          "[{\"translate\":\"item.magma_club.desc6\"}]",
          "[{\"text\":\"\"}]",
          "[{\"translate\":\"item.magma_club.desc7\",\"color\":\"#ff3300\",\"italic\":false}]"
        ],
        "minecraft:food": {
          "nutrition": 0,
          "saturation": 0,
          "can_always_eat": true,
          "eat_seconds": 1000000
        },
        "minecraft:enchantments": {
          "levels": {
            "minecraft:sharpness": 1,
            "minecraft:fire_aspect": 2
          }
        }
      }
    }
  }
  