{
       "type": "minecraft:crafting_shaped",
    "category": "equipment",
    "pattern": [
        " # ",
        "QDQ",
        " G "
    ],
    "key": {
        "#": {
            "item": "minecraft:enchanted_golden_apple"
        },
        "Q": {
            "item": "minecraft:quartz"
        },
        "D": {
            "item": "minecraft:diamond_sword"
        },
        "G": {
            "item": "minecraft:golden_apple"
        }
    },
    "result": {
    "id": "minecraft:diamond_sword",
    "count": 1,
    "components": {
      "minecraft:custom_model_data": 1,
      "minecraft:custom_data": "{midas_sword:1b}",
      "minecraft:unbreakable": {
        "show_in_tooltip": false
      },
      "minecraft:item_name": "[{\"text\":\"Midas Sword\",\"color\":\"gold\"}]",
      "minecraft:lore": [
        "[{\"translate\":\"item.midas_sword.desc1\"}]",
        "[{\"translate\":\"item.midas_sword.desc2\"}]",
        "[{\"translate\":\"item.midas_sword.desc3\"}]",
        "[{\"text\":\"\"}]",
        "[{\"translate\":\"item.midas_sword.desc4\"}]",
        "[{\"translate\":\"item.midas_sword.desc5\"}]",
        "[{\"translate\":\"item.midas_sword.desc6\"}]"
      ]
    }
  }
}
