{
       "type": "minecraft:crafting_shaped",
    "category": "equipment",
    "pattern": [
        "#",
        "D",
        "M"
    ],
    "key": {
        "#": {
            "item": "minecraft:lodestone"
        },
        "D": {
            "item": "minecraft:diamond_axe"
        },
        "M": {
            "item": "minecraft:magma_cream"
        }
    },
    "result": {
    "id": "minecraft:stone_axe",
    "count": 1,
    "components": {
      "minecraft:custom_model_data": 1,
      "minecraft:custom_data": "{mjolnir:1b}",
      "minecraft:unbreakable": {
        "show_in_tooltip": false
      },
      "minecraft:item_name": "[{\"text\":\"Mjolnir\",\"color\":\"gold\"}]",
      "minecraft:lore": [
        "[{\"translate\":\"item.mjolnir.desc1\"}]",
        "[{\"translate\":\"item.mjolnir.desc2\"}]",
        "[{\"text\":\"\"}]",
        "[{\"translate\":\"item.mjolnir.desc3\"}]",
        "[{\"translate\":\"item.mjolnir.desc4\"}]"
      ],
      "minecraft:food": {
                "nutrition": 0,
                "saturation": 0,
                "can_always_eat": true,
                "eat_seconds": 1000000
              },
              "minecraft:enchantments": {
          "levels": {
            "minecraft:knockback": 1
          }
        }
    }
  }
}