{
       "type": "minecraft:crafting_shaped",
    "category": "equipment",
    "pattern": [
        "#N#",
        "GTG",
        "#N#"
    ],
    "key": {
        "#": {
            "item": "minecraft:seagrass"
        },
        "N": {
            "item": "minecraft:nautilus_shell"
        },
        "G": {
            "item": "minecraft:gold_block"
        },
        "T": {
            "item": "minecraft:trident"
        }
    },
    "result": {
      "id": "minecraft:bow",
      "count": 1,
      "components": {
        "minecraft:custom_data": "{poseidon_trident:1b}",
        "minecraft:item_name": "[{\"text\":\"Poseidon's Trident\",\"color\":\"gold\"}]",
        "minecraft:lore": [
          "[{\"translate\":\"item.poseidon_trident.desc1\"}]",
          "[{\"translate\":\"item.poseidon_trident.desc2\"}]",
          "[{\"text\":\"\"}]",
          "[{\"translate\":\"item.poseidon_trident.desc3\"}]",
          "[{\"translate\":\"item.poseidon_trident.desc4\"}]",
          "[{\"translate\":\"item.poseidon_trident.desc5\"}]",
          "[{\"translate\":\"item.poseidon_trident.desc6\"}]",
          "[{\"text\":\"\"}]",
          "[{\"translate\":\"item.poseidon_trident.desc7\"}]",
          "[{\"translate\":\"item.poseidon_trident.desc8\"}]",
          "[{\"text\":\"\"}]",
          "[{\"translate\":\"item.poseidon_trident.desc9\",\"italic\":false,\"color\":\"#00a0fc\"}]",
          "[{\"text\":\"\"}]",
          "[{\"translate\":\"item.poseidon_trident.desc10\"}]",
          "[{\"translate\":\"item.poseidon_trident.desc11\"}]",
          "[{\"translate\":\"item.poseidon_trident.desc12\"}]"
        ],
        "minecraft:attribute_modifiers": {
        "modifiers": [
          {
            "id": "minecraft:generic.attack",
            "type": "minecraft:generic.attack_damage",
            "amount": 6,
            "operation": "add_value",
            "slot": "mainhand"
          },
          {
            "id": "minecraft:generic.attack_speed",
            "type": "minecraft:generic.attack_speed",
            "amount": -2.4,
            "operation": "add_value",
            "slot": "mainhand"
          }
        ],
        "show_in_tooltip": false
      },
        "minecraft:unbreakable": {
          "show_in_tooltip": false
        },
        "minecraft:custom_model_data": 8
      }
    }
  }