{
       "type": "minecraft:crafting_shaped",
    "category": "equipment",
    "pattern": [
        "#P#",
        "iPi",
        "iTi"
    ],
    "key": {
        "#": {
            "item": "minecraft:diamond"
        },
        "P": {
            "item": "minecraft:pufferfish"
        },
        "i": {
            "item": "minecraft:iron_ingot"
        },
        "T": {
            "item": "minecraft:tnt"
        }
    },
    "result": {
    "id": "minecraft:wooden_shovel",
    "count": 1,
    "components": {
      "minecraft:custom_model_data": 1,
      "minecraft:custom_data": "{pufferfish_cannon:1b}",
      "minecraft:unbreakable": {
        "show_in_tooltip": false
      },
      "minecraft:item_name": "[{\"text\":\"Pufferfish Cannon\",\"color\":\"gold\"}]",
      "minecraft:lore": [
        "[{\"translate\":\"item.pufferfish_cannon.desc1\"}]",
        "[{\"translate\":\"item.pufferfish_cannon.desc2\"}]",
        "[{\"text\":\"\"}]",
        "[{\"translate\":\"item.pufferfish_cannon.desc3\"}]",
        "[{\"translate\":\"item.pufferfish_cannon.desc4\"}]",
        "[{\"translate\":\"item.pufferfish_cannon.desc5\"}]"
      ],
      "minecraft:food": {
                "nutrition": 0,
                "saturation": 0,
                "can_always_eat": true,
                "eat_seconds": 1000000
              }
    }
  }
}