{
    "type": "minecraft:crafting_shaped",
    "category": "equipment",
    "pattern": [
        " S ",
        "DID",
        " # "
    ],
    "key": {
        "#": {
            "item": "minecraft:diamond"
        },
        "D": {
            "item": "minecraft:iron_block"
        },
        "I": {
            "item": "minecraft:goat_horn"
        },
        "S": {
            "item": "minecraft:saddle"
        }
    },
    "result": {
        "id": "minecraft:goat_horn",
        "count": 1,
        "components": {
          "minecraft:custom_model_data": 1,
          "minecraft:custom_data": "{ravager_horn:1b}",
          "minecraft:unbreakable": {
            "show_in_tooltip": false
          },
          "minecraft:item_name": "[{\"text\":\"Ravager Horn\",\"color\":\"gold\"}]",
          "minecraft:lore": [
            "[{\"translate\":\"item.ravager_horn.desc1\"}]",
            "[{\"translate\":\"item.ravager_horn.desc2\"}]",
            "[{\"text\":\"\"}]",
            "[{\"translate\":\"item.ravager_horn.desc3\"}]",
            "[{\"translate\":\"item.ravager_horn.desc4\"}]",
            "[{\"translate\":\"item.ravager_horn.desc5\"}]"
          ],
          "instrument": "minecraft:seek_goat_horn",
          "hide_additional_tooltip": {} 
    }
}
}