{
       "type": "minecraft:crafting_shaped",
    "category": "equipment",
    "pattern": [
        "b#b",
        "CAC",
        "bWb"
    ],
    "key": {
        "#": {
            "item": "minecraft:wither_skeleton_skull"
        },
        "C": {
            "item": "minecraft:obsidian"
        },
        "A": {
            "item": "minecraft:diamond_hoe"
        },
        "W": {
            "item": "minecraft:diamond"
        },
        "b": {
            "item": "minecraft:bone"
        }
    },
    "result": {
    "id": "minecraft:stone_hoe",
    "count": 1,
    "components": {
      "minecraft:custom_model_data": 2,
      "minecraft:custom_data": "{reaper_scythe:1b}",
      "minecraft:unbreakable": {
        "show_in_tooltip": false
      },
      "minecraft:item_name": "[{\"text\":\"Reaper Scythe\",\"color\":\"gold\"}]",
      "minecraft:lore": [
        "[{\"translate\":\"item.reaper_scythe.desc1\"}]",
        "[{\"translate\":\"item.reaper_scythe.desc2\"}]",
        "[{\"text\":\"\"}]",
        "[{\"translate\":\"item.reaper_scythe.desc3\"}]",
        "[{\"translate\":\"item.reaper_scythe.desc4\"}]",
        "[{\"translate\":\"item.reaper_scythe.desc5\"}]",
        "[{\"translate\":\"item.reaper_scythe.desc6\"}]",
        "[{\"translate\":\"item.reaper_scythe.desc7\"}]"
      ]
    }
  }
}
