{
    "type": "minecraft:crafting_shaped",
    "category": "equipment",
    "pattern": [
        " I ",
        "DSO",
        " # "
    ],
    "key": {
        "#": {
            "item": "minecraft:chest"
        },
        "D": {
            "item": "minecraft:wooden_sword"
        },
        "I": {
            "item": "minecraft:crossbow"
        },
        "S": {
            "item": "minecraft:book"
        },
        "O": {
            "item": "minecraft:bow"
        }
    },
    "result": {
        "id": "minecraft:knowledge_book",
        "components": {
"custom_name": "{\"text\":\"Recipe Book\",\"italic\":false}",
"lore":[
          "[{\"translate\":\"item.recipe_book.desc1\"}]",
          "[{\"translate\":\"item.recipe_book.desc2\"}]"
],
"rarity":"uncommon",
"recipes": ["vred:aiglos","vred:armadillo_detonator","vred:artemis_bow","vred:beehive_blaster","vred:cloud_sword","vred:corrupted_crossbow","vred:crimson_chainsword","vred:dragon_katana","vred:emerald_sword","vred:ender_bow","vred:evoker_wand","vred:excalibur","vred:golem_hammer","vred:grimoire","vred:guardian_cannon","vred:harpoon_launcher","vred:ice_horn","vred:lich_staff","vred:magma_club","vred:midas_sword","vred:mjolnir","vred:normal_crate","vred:poseidon_trident","vred:pufferfish_cannon","vred:ravager_horn","vred:reaper_scythe","vred:recipe_book","vred:sculkweavers_lantern","vred:shadow_blade","vred:shiny_crate","vred:shrink_ray","vred:skin_crate","vred:sonic_crossbow","vred:trident","vred:void_staff","vred:warpick","vred:weapon_crate","vred:wither_sickles","vred:agony",
"vred:anvil",
"vred:blazing_crossbow",
"vred:bundeld_arrows",
"vred:ghead",
"vred:golden_apple",
"vred:light_netherite_sword",
"vred:lucky_rod",
"vred:obsidian",
"vred:saddle",
"vred:shortbow",
"vred:shortsword",
"vred:smelter_pickaxe",
"vred:totem",
"vred:trident",
"vred:xpbottle"]
        }
    }
}
