{
       "type": "minecraft:crafting_shaped",
    "category": "equipment",
    "pattern": [
        "# #",
        "DLD",
        "#E#"
    ],
    "key": {
        "#": {
            "item": "minecraft:feather"
        },
        "D": {
            "item": "minecraft:diamond"
        },
        "L": {
            "item": "minecraft:leather_chestplate"
        },
        "E": {
            "item": "minecraft:elytra"
        }
    },
    "result": {
      "id": "minecraft:elytra",
      "count": 1,
      "components": {
        "minecraft:custom_data": "{reinforced_elytra:1b}",
        "minecraft:item_name": "[{\"text\":\"Reinforced Elytra\",\"color\":\"gold\"}]",
        "minecraft:lore": [
          "[{\"translate\":\"item.reinforced_elytra.desc1\"}]",
          "[{\"translate\":\"item.reinforced_elytra.desc2\"}]",
          "[{\"text\":\"\"}]",
          "[{\"translate\":\"item.reinforced_elytra.desc3\"}]",
          "[{\"text\":\"\"}]",
          "[{\"translate\":\"item.reinforced_elytra.desc4\"}]",
          "[{\"translate\":\"item.reinforced_elytra.desc5\"}]",
          "[{\"text\":\"\"}]",
          "[{\"translate\":\"item.reinforced_elytra.desc6\"}]",
          "[{\"translate\":\"item.reinforced_elytra.desc7\"}]",
          "[{\"translate\":\"item.reinforced_elytra.desc8\"}]"
        ],
        "minecraft:attribute_modifiers": {
        "modifiers": [
          {
            "id": "minecraft:generic.armor",
            "type": "minecraft:generic.armor",
            "amount": 5,
            "operation": "add_value",
            "slot": "chest"
          }
        ]
      },
        "minecraft:unbreakable": {
          "show_in_tooltip": false
        },
        "minecraft:custom_model_data": 1
      }
    }
  }