{
  "type": "minecraft:crafting_shaped",
"category": "equipment",
"pattern": [
        " #S",
        "JF#",
        "PG "
    ],
    "key": {
        "#": {
            "item": "minecraft:diamond"
        },
        "S": {
            "item": "minecraft:soul_lantern"
        },
        "J": {
            "item": "minecraft:sculk_sensor"
        },
        "F": {
            "item": "minecraft:fishing_rod"
        },
        "P": {
            "item": "minecraft:sculk_catalyst"
        },
        "G": {
            "item": "minecraft:gunpowder"
        }
    },
"result": {
 "id": "minecraft:fishing_rod",
 "count": 1,
 "components": {
   "minecraft:custom_data": "{sculkweavers_lantern:1b}",
   "minecraft:item_name": "[{\"text\":\"Sculkweaver's Lantern\",\"color\":\"gold\"}]",
   "minecraft:lore": [
     "[{\"translate\":\"item.sculkweavers_lantern.desc1\"}]",
     "[{\"translate\":\"item.sculkweavers_lantern.desc2\"}]",
     "[{\"text\":\"\"}]",
     "[{\"translate\":\"item.sculkweavers_lantern.desc3\"}]",
     "[{\"translate\":\"item.sculkweavers_lantern.desc4\"}]",
     "[{\"translate\":\"item.sculkweavers_lantern.desc5\"}]",
     "[{\"translate\":\"item.sculkweavers_lantern.desc6\"}]",
     "[{\"translate\":\"item.sculkweavers_lantern.desc7\"}]",
     "[{\"translate\":\"item.sculkweavers_lantern.desc8\"}]"
   ],
   "minecraft:unbreakable": {
     "show_in_tooltip": false
   },
   "minecraft:custom_model_data": 5
 }
}
}
