{
       "type": "minecraft:crafting_shaped",
    "category": "equipment",
    "pattern": [
        "#B#",
        "ODO",
        "#B#"
    ],
    "key": {
        "#": {
            "item": "minecraft:disc_fragment_5"
        },
        "B": {
            "item": "minecraft:black_candle"
        },
        "O": {
            "item": "minecraft:obsidian"
        },
        "D": {
            "item": "minecraft:diamond_sword"
        }
    },
    "result": {
          "id": "minecraft:diamond_sword",
          "count": 1,
          "components": {
            "minecraft:custom_model_data": 4,
            "minecraft:custom_data": "{shadow_blade:1b}",
            "minecraft:unbreakable": {
              "show_in_tooltip": false
            },
            "minecraft:item_name": "[{\"text\":\"Shadow Blade\",\"color\":\"gold\"}]",
            "minecraft:lore": [
              "[{\"translate\":\"item.shadow_blade.desc1\"}]",
              "[{\"translate\":\"item.shadow_blade.desc2\"}]",
              "[{\"text\":\"\"}]",
              "[{\"translate\":\"item.shadow_blade.desc3\"}]",
"[{\"translate\":\"item.shadow_blade.desc4\",\"color\":\"#82a095\",\"italic\":false}]",
              "[{\"translate\":\"item.shadow_blade.desc5\"}]"
            ],
            "minecraft:food": {
              "nutrition": 0,
              "saturation": 0,
              "can_always_eat": true,
              "eat_seconds": 1000000
            }
          }
        }
      }
      