{
    "type": "minecraft:crafting_shaped",
    "category": "equipment",
    "pattern": [
      "#P#",
      "DSD",
      "DSD"
    ],
    "key": {
      "S": {
        "item": "minecraft:diamond"
      },
      "P": {
        "item": "minecraft:redstone_torch"
      },
      "D": {
        "item": "minecraft:prismarine_crystals"
      },
      "#": {
        "item": "minecraft:sea_lantern"
      }
    },
    "result": {
      "id": "minecraft:bow",
      "count": 1,
      "components": {
        "minecraft:custom_data": "{shrink_ray:1b}",
        "minecraft:item_name": "[{\"text\":\"Shrink Ray\",\"color\":\"gold\"}]",
        "minecraft:lore": [
          "[{\"translate\":\"item.shrink_ray.desc1\"}]",
          "[{\"translate\":\"item.shrink_ray.desc2\"}]",
          "[{\"translate\":\"item.shrink_ray.desc3\"}]",
          "[{\"text\":\"\"}]",
          "[{\"translate\":\"item.shrink_ray.desc4\"}]",
          "[{\"translate\":\"item.shrink_ray.desc5\"}]",
          "[{\"translate\":\"item.shrink_ray.desc6\"}]",
          "[{\"translate\":\"item.shrink_ray.desc7\"}]",
          "[{\"text\":\"\"}]",
          "[{\"translate\":\"item.shrink_ray.desc8\"}]",
          "[{\"translate\":\"item.shrink_ray.desc9\"}]",
          "[{\"translate\":\"item.shrink_ray.desc10\"}]",
          "[{\"translate\":\"item.shrink_ray.desc11\"}]",
          "[{\"text\":\"\"}]",
          "[{\"translate\":\"item.shrink_ray.desc12\"}]",
          "[{\"translate\":\"item.shrink_ray.desc13\"}]",
          "[{\"translate\":\"item.shrink_ray.desc14\"}]"
        ],
        "minecraft:unbreakable": {
          "show_in_tooltip": false
        },
        "minecraft:custom_model_data": 12
      }
    }
  }
  