{
  "type": "minecraft:crafting_shaped",
  "pattern": [
      "#N#",
      "DCD",
      "#N#"
  ],
  "key": {
      "#": {
          "tag": "minecraft:wool"
      },
      "N": {
          "item": "minecraft:netherite_scrap"
      },
      "D": {
          "item": "minecraft:diamond"
      },
      "C": {
          "item": "minecraft:chest"
      }
  },
    "result": {
      "id": "minecraft:recovery_compass",
      "count": 1,
      "components": {
        "minecraft:custom_data": "{crate:3b}",
        "minecraft:item_name": "[{\"text\":\"Skin Crate\",\"color\":\"gold\"},{\"text\":\" (Weapons)\",\"color\":\"white\"}]",
        "minecraft:custom_model_data": 6,
        "minecraft:food": {
                "nutrition": 0,
                "saturation": 0,
                "can_always_eat": true,
                "eat_seconds": 1000000
              }
      }
    }
  }