{
       "type": "minecraft:crafting_shaped",
    "category": "equipment",
    "pattern": [
        "#E#",
        "OCO",
        "#F#"
    ],
    "key": {
        "#": {
            "item": "minecraft:disc_fragment_5"
        },
        "E": {
            "item": "minecraft:echo_shard"
        },
        "O": {
            "item": "minecraft:diamond"
        },
        "C": {
            "item": "minecraft:crossbow"
        },
        "F": {
            "item": "minecraft:firework_star"
        }
    },
    "result": {
      "id": "minecraft:crossbow",
      "count": 1,
      "components": {
        "minecraft:custom_data": "{sonic:1b}",
        "minecraft:item_name": "[{\"text\":\"Sonic Crossbow\",\"color\":\"gold\"}]",
        "minecraft:lore": [
          "[{\"translate\":\"item.sonic_crossbow.desc1\"}]",
          "[{\"translate\":\"item.sonic_crossbow.desc2\"}]",
          "[{\"text\":\"\"}]",
          "[{\"translate\":\"item.sonic_crossbow.desc3\"}]",
          "[{\"translate\":\"item.sonic_crossbow.desc4\"}]",
          "[{\"translate\":\"item.sonic_crossbow.desc5\"}]",
          "[{\"translate\":\"item.sonic_crossbow.desc6\"}]",
          "[{\"translate\":\"item.sonic_crossbow.desc7\"}]"
        ],
        "minecraft:unbreakable": {
          "show_in_tooltip": false
        },
        "minecraft:custom_model_data": 1
      }
    }
  }