{
       "type": "minecraft:crafting_shaped",
    "category": "equipment",
    "pattern": [
        "#E#",
        "DOD",
        " O "
    ],
    "key": {
        "#": {
            "item": "minecraft:soul_torch"
        },
        "E": {
            "item": "minecraft:ender_eye"
        },
        "D": {
            "item": "minecraft:diamond"
        },
        "O": {
            "item": "minecraft:obsidian"
        }
    },
    "result": {
      "id": "minecraft:stone_sword",
      "count": 1,
      "components": {
        "minecraft:custom_model_data": 4,
        "minecraft:custom_data": "{void_staff:2b}",
        "minecraft:unbreakable": {
          "show_in_tooltip": false
        },
        "minecraft:item_name": "[{\"text\":\"Void Staff\",\"color\":\"gold\"},{\"text\":\" - \",\"color\":\"gray\"},{\"text\":\"Teleport Mode\",\"color\":\"white\"}]",
        "minecraft:lore": [
          "[{\"translate\":\"item.void_staff.desc1\"}]",
          "[{\"translate\":\"item.void_staff.desc2\"}]",
          "[{\"text\":\"\"}]",
          "[{\"translate\":\"item.void_staff.desc3\"}]",
          "[{\"text\":\"\"}]",
          "[{\"translate\":\"item.void_staff.desc4\"}]",
          "[{\"translate\":\"item.void_staff.desc5\"}]",
          "[{\"translate\":\"item.void_staff.desc6\"}]",
          "[{\"translate\":\"item.void_staff.desc7\"}]",
          "[{\"translate\":\"item.void_staff.desc8\"}]",
          "[{\"text\":\"\"}]",
          "[{\"translate\":\"item.void_staff.desc9\"}]",
          "[{\"translate\":\"item.void_staff.desc10\"}]",
          "[{\"translate\":\"item.void_staff.desc11\"}]"
        ],
        "minecraft:food": {
          "nutrition": 0,
          "saturation": 0,
          "can_always_eat": true,
          "eat_seconds": 1000000
        }
        }
      }
    }
  