{
    "type": "minecraft:crafting_shaped",
    "pattern": [
        "#BA",
        "A#S",
        "L  "
    ],
    "key": {
        "#": {
            "item": "minecraft:diamond"
        },
        "B": {
            "item": "minecraft:big_dripleaf"
        },
        "A": {
            "item": "minecraft:azalea"
        },
        "S": {
            "item": "minecraft:spore_blossom"
        },
        "L": {
            "item": "minecraft:lime_candle"
        }
    },
    "result": {
        "id": "stone_axe",
        "components": {
            "custom_model_data": 2,
            "custom_data": "{void_blossom:1b}",
            "minecraft:unbreakable": {
        "show_in_tooltip": false
      },
      "minecraft:item_name": "[{\"text\":\"Void Blossom\",\"color\":\"gold\"}]",
      "minecraft:lore": [
        "[{\"translate\":\"item.easter_egg.desc1\"}]"
      ],
      "minecraft:food": {
                "nutrition": 0,
                "saturation": 0,
                "can_always_eat": true,
                "eat_seconds": 1000000
              }
        }
    }
}