{
       "type": "minecraft:crafting_shaped",
    "category": "equipment",
    "pattern": [
        "#D#",
        "#S#",
        "#T#"
    ],
    "key": {
        "#": {
            "item": "minecraft:redstone_block"
        },
        "D": {
            "item": "minecraft:diamond_sword"
        },
        "S": {
            "item": "minecraft:diamond_pickaxe"
        },
        "T": {
            "item": "minecraft:tnt"
        }
    },
    "result": {
      "id": "minecraft:diamond_pickaxe",
      "count": 1,
      "components": {
        "minecraft:custom_data": "{warpick:1b}",
        "minecraft:item_name": "[{\"text\":\"War Pick\",\"color\":\"gold\"}]",
        "minecraft:lore": [
          "[{\"translate\":\"item.warpick.desc1\"}]",
          "[{\"translate\":\"item.warpick.desc2\"}]",
          "[{\"text\":\"\"}]",
          "[{\"translate\":\"item.warpick.desc3\"}]",
          "[{\"translate\":\"item.warpick.desc4\"}]",
          "[{\"translate\":\"item.warpick.desc5\"}]",
          "[{\"translate\":\"item.warpick.desc6\"}]"
        ],
        "minecraft:unbreakable": {
          "show_in_tooltip": false
        },
        "minecraft:custom_model_data": 1,
        "minecraft:enchantments": {
          "levels": {
            "minecraft:sharpness": 10,
            "minecraft:efficiency": 1
          }
        }
      }
    }
  }