{
  "type": "minecraft:crafting_shaped",
  "category": "equipment",
  "pattern": [
      "#D#",
      "WCW",
      "#L#"
  ],
  "key": {
      "#": {
          "item": "minecraft:redstone_block"
      },
      "W": {
          "item": "minecraft:diamond"
      },
      "L": {
          "tag": "vred:discs"
      },
      "C": {
          "item": "minecraft:chest"
      },
      "D": {
          "item": "minecraft:gold_ingot"
      }
    },
    "result": {
      "id": "minecraft:recovery_compass",
      "count": 1,
      "components": {
        "minecraft:custom_data": "{crate:4b}",
        "minecraft:item_name": "[{\"text\":\"Legendary Weapon Crate\",\"color\":\"gold\"}]",
        "minecraft:custom_model_data": 7,
        "minecraft:food": {
                "nutrition": 0,
                "saturation": 0,
                "can_always_eat": true,
                "eat_seconds": 1000000
              }
      }
    }
  }