{
    "type": "minecraft:crafting_shaped",
    "category": "equipment",
    "pattern": [
      " # ",
      "DSD",
      " S "
    ],
    "key": {
      "#": {
        "item": "minecraft:wither_skeleton_skull"
      },
      "D": {
        "item": "minecraft:diamond_hoe"
      },
      "S": {
        "item": "minecraft:soul_sand"
      }
    },
    "result": {
      "id": "minecraft:stone_hoe",
      "count": 1,
      "components": {
        "minecraft:custom_model_data": 3,
        "minecraft:custom_data": "{wither_sickles:1b}",
        "minecraft:unbreakable": {
          "show_in_tooltip": false
        },
        "minecraft:item_name": "[{\"text\":\"Wither Sickles\",\"color\":\"gold\"}]",
        "minecraft:lore": [
          "[{\"translate\":\"item.wither_sickles.desc1\"}]",
          "[{\"translate\":\"item.wither_sickles.desc2\"}]",
          "[{\"text\":\"\"}]",
          "[{\"translate\":\"item.wither_sickles.desc3\"}]",
          "[{\"translate\":\"item.wither_sickles.desc4\"}]",
          "[{\"text\":\"\"}]",
          "[{\"translate\":\"item.wither_sickles.desc5\"}]",
          "[{\"translate\":\"item.wither_sickles.desc6\"}]",
          "[{\"translate\":\"item.wither_sickles.desc7\"}]",
          "[{\"translate\":\"item.wither_sickles.desc8\"}]",
          "[{\"text\":\"\"}]",
          "[{\"translate\":\"item.wither_sickles.desc9\"}]",
          "[{\"translate\":\"item.wither_sickles.desc10\"}]",
          "[{\"translate\":\"item.wither_sickles.desc11\"}]"
        ],
        "minecraft:attribute_modifiers": {
        "modifiers": [
          {
            "id": "minecraft:generic.attack",
            "type": "minecraft:generic.attack_damage",
            "amount": 7,
            "operation": "add_value",
            "slot": "mainhand"
          },
          {
            "id": "minecraft:generic.attack_speed",
            "type": "minecraft:generic.attack_speed",
            "amount": -2.3,
            "operation": "add_value",
            "slot": "mainhand"
          }
        ],
        "show_in_tooltip": false
      },
        "minecraft:food": {
          "nutrition": 0,
          "saturation": 0,
          "can_always_eat": true,
          "eat_seconds": 1000000
        }
      }
    }
  }
  