{
    "type": "minecraft:crafting_shaped",
    "pattern": [
        "_",
        "D",
        "_"
    ],
    "key": {
        "_": {
            "item": "minecraft:polished_deepslate_slab"
        },
        "D": {
            "item": "minecraft:deepslate_tiles"
        }
    },
    "result": {
        "id": "minecraft:warped_fungus_on_a_stick",
        "count": 1,
        "components": {
            "minecraft:custom_model_data": 6,
      "minecraft:custom_data": "{pedestal1:1b}",
      "minecraft:unbreakable": {
        "show_in_tooltip": false
      },
      "minecraft:item_name": "[{\"text\":\"Pedestal\",\"color\":\"dark_aqua\"}]",
      "minecraft:lore": [
        "[{\"translate\":\"item.pedestal.desc1\"}]",
        "[{\"translate\":\"item.pedestal.desc2\"}]",
        "[{\"translate\":\"item.pedestal.desc3\"}]",
        "[{\"text\":\"\"}]",
        "[{\"translate\":\"item.pedestal.desc4\"}]",
        "[{\"translate\":\"item.pedestal.desc5\"}]"
      ]
        }
    }
}